Date,Open,High,Low,Close,Adj Close,Volume
2021-08-30,173.86000061035156,177.1199951171875,173.86000061035156,176.72999572753906,174.50770568847656,1221400
2021-08-31,177.10000610351562,177.19000244140625,174.8300018310547,175.47000122070312,173.2635955810547,1733200
2021-09-01,175.0399932861328,175.74000549316406,174.3800048828125,175.4499969482422,173.2438201904297,1429000
2021-09-02,176.4499969482422,178.33999633789062,175.6999969482422,178.02000427246094,175.78150939941406,1194000
2021-09-03,177.6699981689453,179.57000732421875,177.02999877929688,179.27999877929688,177.0256805419922,971800
2021-09-07,179.27999877929688,179.3699951171875,176.7899932861328,177.72000122070312,175.48529052734375,1252000
2021-09-08,177.4199981689453,179.17999267578125,176.57000732421875,178.72999572753906,176.48255920410156,1174600
2021-09-09,179.07000732421875,179.36000061035156,177.02000427246094,177.22999572753906,175.00143432617188,1010000
2021-09-10,177.72000122070312,179.30999755859375,177.1699981689453,177.22999572753906,175.00143432617188,1086300
2021-09-13,177.66000366210938,178.0,170.22000122070312,172.0800018310547,169.9161834716797,2274300
2021-09-14,172.5500030517578,173.97999572753906,171.75999450683594,172.4199981689453,170.25192260742188,1337400
2021-09-15,172.07000732421875,175.1300048828125,171.38999938964844,173.7899932861328,171.60467529296875,1535300
2021-09-16,173.92999267578125,173.92999267578125,171.10000610351562,173.27999877929688,171.1011199951172,1142000
2021-09-17,173.9199981689453,177.36000061035156,172.8000030517578,173.94000244140625,171.75282287597656,2405700
2021-09-20,170.5,172.5800018310547,169.11000061035156,171.33999633789062,169.18551635742188,1599400
2021-09-21,172.3000030517578,173.60000610351562,171.19000244140625,171.44000244140625,169.2842254638672,1059800
2021-09-22,172.17999267578125,173.32000732421875,170.91000366210938,172.44000244140625,170.2716827392578,981000
2021-09-23,173.5,174.35000610351562,172.49000549316406,172.77000427246094,170.59751892089844,1654600
2021-09-24,172.08999633789062,173.0800018310547,171.1999969482422,172.39999389648438,170.232177734375,1041900
2021-09-27,171.05999755859375,171.14999389648438,164.25999450683594,166.3800048828125,164.28787231445312,1419700
2021-09-28,164.19000244140625,164.3300018310547,158.7899932861328,159.89999389648438,157.88934326171875,2541000
2021-09-29,161.38999938964844,161.80999755859375,159.8300018310547,160.0,157.9881134033203,1268200
2021-09-30,161.22999572753906,162.47999572753906,157.4600067138672,157.52999877929688,155.5491485595703,1542800
2021-10-01,157.14999389648438,157.5,153.0500030517578,155.99000549316406,154.02850341796875,1881900
2021-10-04,155.24000549316406,156.3000030517578,151.25999450683594,152.36000061035156,150.63150024414062,1758300
2021-10-05,153.47999572753906,155.77999877929688,152.33999633789062,153.02999877929688,151.29388427734375,1494300
2021-10-06,152.5500030517578,154.25999450683594,151.6199951171875,153.64999389648438,151.9068603515625,1794700
2021-10-07,155.05999755859375,157.47999572753906,154.9600067138672,155.32000732421875,153.5579376220703,1002800
2021-10-08,156.17999267578125,156.9199981689453,152.10000610351562,152.47000122070312,150.74026489257812,904100
2021-10-11,151.49000549316406,152.36000061035156,149.8800048828125,150.02000427246094,148.31805419921875,1106300
2021-10-12,151.17999267578125,151.17999267578125,146.3000030517578,147.9499969482422,146.2715301513672,1809900
2021-10-13,149.0800018310547,150.8800048828125,148.74000549316406,150.22000122070312,148.51577758789062,1509100
2021-10-14,151.6199951171875,153.47999572753906,151.6199951171875,152.58999633789062,150.85888671875,1434100
2021-10-15,153.13999938964844,153.88999938964844,152.5500030517578,153.27000427246094,151.53118896484375,1397800
2021-10-18,153.6300048828125,155.4199981689453,152.38999938964844,154.77999877929688,153.0240478515625,1183600
2021-10-19,155.9600067138672,157.4600067138672,155.5500030517578,155.6199951171875,153.8544921875,1025500
2021-10-20,156.92999267578125,158.1199951171875,156.30999755859375,157.58999633789062,155.80215454101562,1053000
2021-10-21,157.7100067138672,158.02000427246094,154.52999877929688,156.94000244140625,155.1595458984375,1405100
2021-10-22,156.9499969482422,158.7100067138672,156.89999389648438,157.97000122070312,156.17784118652344,772200
2021-10-25,157.89999389648438,158.52000427246094,156.75,158.33999633789062,156.5436553955078,1088100
2021-10-26,159.6300048828125,159.9199981689453,157.0399932861328,158.19000244140625,156.39535522460938,1016400
2021-10-27,158.3000030517578,158.5,154.8300018310547,155.25999450683594,153.4985809326172,1472600
2021-10-28,155.97999572753906,157.7899932861328,154.19000244140625,155.75999450683594,153.992919921875,1752600
2021-10-29,155.1300048828125,157.57000732421875,154.44000244140625,157.49000549316406,155.70330810546875,1999800
2021-11-01,157.3800048828125,158.0,155.8000030517578,157.05999755859375,155.27818298339844,1329100
2021-11-02,157.5500030517578,158.0,155.44000244140625,157.85000610351562,156.05923461914062,1714200
2021-11-03,158.02999877929688,158.2899932861328,154.57000732421875,158.1999969482422,156.40524291992188,1256500
2021-11-04,157.86000061035156,158.92999267578125,156.36000061035156,157.64999389648438,155.86148071289062,1015800
2021-11-05,156.57000732421875,156.80999755859375,152.42999267578125,156.41000366210938,154.6355743408203,1775500
2021-11-08,157.0,161.14999389648438,156.5500030517578,160.94000244140625,159.1141357421875,1467000
2021-11-09,160.94000244140625,162.22999572753906,159.52000427246094,159.80999755859375,157.9969940185547,1021000
2021-11-10,159.2100067138672,159.97999572753906,156.05999755859375,159.27999877929688,157.4730224609375,1093200
2021-11-11,160.27999877929688,161.0399932861328,157.92999267578125,158.7899932861328,156.98855590820312,935500
2021-11-12,159.72999572753906,161.05999755859375,157.7100067138672,160.8800048828125,159.05484008789062,1444800
2021-11-15,161.25,162.3300018310547,157.5,157.77999877929688,155.99002075195312,1121300
2021-11-16,157.0500030517578,163.0,156.9600067138672,161.38999938964844,159.55906677246094,1276300
2021-11-17,161.9199981689453,161.9199981689453,159.89999389648438,161.5399932861328,159.7073516845703,872400
2021-11-18,162.52999877929688,162.82000732421875,160.39999389648438,162.16000366210938,160.32032775878906,1475800
2021-11-19,163.00999450683594,165.07000732421875,162.6699981689453,164.3000030517578,162.43606567382812,1647600
2021-11-22,165.0,165.67999267578125,162.77999877929688,162.77999877929688,160.93328857421875,2110400
2021-11-23,155.88999938964844,159.32000732421875,151.77000427246094,154.77999877929688,153.0240478515625,3140600
2021-11-24,153.75999450683594,154.6699981689453,151.08999633789062,152.97000122070312,151.23460388183594,2291400
2021-11-26,153.2899932861328,159.08999633789062,151.57000732421875,152.07000732421875,150.3448028564453,1632200
2021-11-29,153.05999755859375,155.3800048828125,151.55999755859375,153.4199981689453,151.67947387695312,1734600
2021-11-30,153.35000610351562,155.7100067138672,149.6999969482422,150.89999389648438,149.18804931640625,3900500
2021-12-01,151.1199951171875,152.85000610351562,148.08999633789062,148.2100067138672,146.52857971191406,1800900
2021-12-02,147.91000366210938,152.47000122070312,147.72999572753906,150.99000549316406,149.2770538330078,1514100
2021-12-03,151.82000732421875,153.0,147.72000122070312,149.3300018310547,147.6358642578125,1412600
2021-12-06,149.33999633789062,152.0399932861328,147.77999877929688,151.47000122070312,149.75160217285156,1803400
2021-12-07,152.83999633789062,156.24000549316406,152.61000061035156,153.8000030517578,152.05517578125,1422700
2021-12-08,154.75999450683594,156.38999938964844,153.9499969482422,156.30999755859375,154.53668212890625,1491500
2021-12-09,156.5,158.0,154.50999450683594,154.61000061035156,152.85598754882812,1272300
2021-12-10,154.52999877929688,156.33999633789062,154.0800018310547,156.25999450683594,154.48724365234375,1463900
2021-12-13,157.33999633789062,157.89999389648438,155.13999938964844,156.2899932861328,154.51687622070312,1413800
2021-12-14,154.88999938964844,155.74000549316406,150.10000610351562,151.8800048828125,150.1569366455078,1869100
2021-12-15,152.75999450683594,154.58999633789062,150.6199951171875,154.30999755859375,152.55938720703125,2054900
2021-12-16,154.3000030517578,155.89999389648438,150.4600067138672,150.8000030517578,149.08921813964844,2085600
2021-12-17,150.35000610351562,152.58999633789062,148.0399932861328,151.4199981689453,149.7021484375,2628700
2021-12-20,150.75999450683594,152.17999267578125,148.5399932861328,150.4199981689453,148.7135009765625,2027200
2021-12-21,151.0,154.05999755859375,150.61000061035156,153.9600067138672,152.2133331298828,1496600
2021-12-22,154.4499969482422,157.16000366210938,154.25,156.77999877929688,155.00135803222656,1907900
2021-12-23,157.2899932861328,158.86000061035156,156.64999389648438,157.8000030517578,156.00978088378906,1411000
2021-12-27,158.82000732421875,159.83999633789062,157.19000244140625,158.74000549316406,156.9391326904297,951800
2021-12-28,159.67999267578125,159.7899932861328,158.1199951171875,159.17999267578125,157.37411499023438,764300
2021-12-29,159.8300018310547,161.38999938964844,159.17999267578125,160.64999389648438,158.82742309570312,833100
2021-12-30,161.11000061035156,162.6199951171875,160.60000610351562,160.8800048828125,159.05484008789062,771000
2021-12-31,160.35000610351562,161.4499969482422,159.52000427246094,159.64999389648438,157.83880615234375,1315500
2022-01-03,159.0,159.44000244140625,153.92999267578125,156.47999572753906,154.9085235595703,1606300
2022-01-04,155.49000549316406,155.6300048828125,149.6999969482422,151.19000244140625,149.67164611816406,2234000
2022-01-05,150.8300018310547,153.10000610351562,148.52999877929688,148.60000610351562,147.10765075683594,2370500
2022-01-06,148.85000610351562,149.9600067138672,145.5800018310547,149.1199951171875,147.62242126464844,2298300
2022-01-07,149.1199951171875,149.72999572753906,145.08999633789062,145.14999389648438,143.6923065185547,2058600
2022-01-10,143.2899932861328,145.30999755859375,140.86000061035156,145.16000366210938,143.70220947265625,2548100
2022-01-11,145.0,146.94000244140625,143.80999755859375,146.63999938964844,145.16732788085938,2194200
2022-01-12,147.8000030517578,150.38999938964844,147.5500030517578,149.50999450683594,148.00851440429688,2250800
2022-01-13,149.4600067138672,149.5399932861328,144.85000610351562,145.1699981689453,143.7121124267578,1741800
2022-01-14,144.0399932861328,145.14999389648438,142.36000061035156,144.67999267578125,143.2270050048828,2225400
2022-01-18,142.4199981689453,143.24000549316406,140.33999633789062,140.47000122070312,139.05929565429688,1907400
2022-01-19,140.6699981689453,143.60000610351562,140.25999450683594,140.42999267578125,139.0196990966797,1472100
2022-01-20,141.3800048828125,143.13999938964844,139.0500030517578,139.47999572753906,138.07923889160156,1861200
2022-01-21,139.5399932861328,140.49000549316406,137.49000549316406,137.50999450683594,136.1290283203125,1878600
2022-01-24,136.3800048828125,138.49000549316406,131.27999877929688,138.1199951171875,136.73287963867188,2155300
2022-01-25,135.36000061035156,136.6199951171875,132.64999389648438,134.57000732421875,133.21856689453125,1705300
2022-01-26,135.5399932861328,138.0500030517578,132.27000427246094,133.50999450683594,132.169189453125,1999500
2022-01-27,135.27999877929688,136.36000061035156,131.67999267578125,132.08999633789062,130.76344299316406,1715800
2022-01-28,133.0,137.39999389648438,131.22000122070312,137.05999755859375,135.6835479736328,2174800
2022-01-31,137.32000732421875,139.47000122070312,136.97000122070312,139.32000732421875,137.92086791992188,1703000
2022-02-01,140.52999877929688,141.27000427246094,138.4499969482422,141.02999877929688,139.61367797851562,1655900
2022-02-02,140.99000549316406,144.75999450683594,140.77999877929688,144.24000549316406,142.79144287109375,1475700
2022-02-03,142.0,143.77999877929688,141.00999450683594,141.7899932861328,140.3660430908203,914300
2022-02-04,141.47999572753906,142.35000610351562,139.6699981689453,141.1199951171875,139.70277404785156,1087400
2022-02-07,141.5,142.49000549316406,139.80999755859375,140.3699951171875,138.96031188964844,1444100
2022-02-08,139.11000061035156,141.41000366210938,138.2899932861328,140.80999755859375,139.39590454101562,1515400
2022-02-09,142.72999572753906,145.10000610351562,142.14999389648438,144.44000244140625,142.98944091796875,1216900
2022-02-10,141.55999755859375,144.0399932861328,140.5800018310547,141.66000366210938,140.23736572265625,1063700
2022-02-11,141.1199951171875,142.50999450683594,136.24000549316406,137.1999969482422,135.82212829589844,1321900
2022-02-14,136.9600067138672,137.69000244140625,134.10000610351562,135.2100067138672,133.8521270751953,2205300
2022-02-15,137.25,138.05999755859375,134.72999572753906,135.91000366210938,134.54510498046875,2368200
2022-02-16,135.5500030517578,135.60000610351562,132.11000061035156,135.14999389648438,133.79273986816406,3187500
2022-02-17,134.63999938964844,134.63999938964844,129.7100067138672,130.25,128.94192504882812,2577800
2022-02-18,130.5,133.42999267578125,130.0,132.0500030517578,130.72384643554688,3614100
2022-02-22,130.8699951171875,132.69000244140625,129.25999450683594,130.49000549316406,129.1795196533203,3054800
2022-02-23,129.8800048828125,134.3699951171875,125.94999694824219,126.0,124.734619140625,3938700
2022-02-24,123.69999694824219,128.6300048828125,123.05999755859375,128.14999389648438,126.86302185058594,3430200
2022-02-25,128.83999633789062,133.75,127.91999816894531,133.72999572753906,132.38699340820312,3144500
2022-02-28,132.02999877929688,132.8800048828125,129.16000366210938,130.36000061035156,129.0508270263672,3096400
2022-03-01,130.8300018310547,132.9199981689453,130.08999633789062,131.92999267578125,130.6050567626953,2634100
2022-03-02,132.67999267578125,133.9600067138672,131.8000030517578,133.16000366210938,131.8227081298828,1863100
2022-03-03,133.72999572753906,138.0,133.44000244140625,137.1699981689453,135.79244995117188,3592100
2022-03-04,135.85000610351562,137.1199951171875,132.13999938964844,133.88999938964844,132.54537963867188,3848500
2022-03-07,133.5500030517578,133.5500030517578,128.42999267578125,130.33999633789062,129.03103637695312,2376500
2022-03-08,128.63999938964844,132.5,127.54000091552734,129.32000732421875,128.0212860107422,2375500
2022-03-09,132.85000610351562,133.94000244140625,131.19000244140625,133.25999450683594,131.92172241210938,1805500
2022-03-10,131.39999389648438,134.52000427246094,131.2899932861328,134.3300018310547,132.98094177246094,1933100
2022-03-11,135.42999267578125,136.44000244140625,130.16000366210938,130.30999755859375,129.00132751464844,1815700
2022-03-14,131.0,132.25999450683594,126.9000015258789,127.58000183105469,126.29875183105469,1737100
2022-03-15,129.22000122070312,131.14999389648438,128.8699951171875,130.27999877929688,128.97164916992188,1649200
2022-03-16,131.92999267578125,135.61000061035156,131.3000030517578,135.0,133.64422607421875,1673000
2022-03-17,134.0,136.85000610351562,133.61000061035156,136.82000732421875,135.4459686279297,1167900
2022-03-18,136.2100067138672,139.38999938964844,136.2100067138672,139.1199951171875,137.7228546142578,2766600
2022-03-21,137.6300048828125,139.7899932861328,137.00999450683594,138.13999938964844,136.75270080566406,1285100
2022-03-22,138.00999450683594,140.1999969482422,137.64999389648438,139.2899932861328,137.89114379882812,1977700
2022-03-23,137.85000610351562,137.9600067138672,133.4499969482422,134.17999267578125,132.8324737548828,1337400
2022-03-24,134.88999938964844,136.5800018310547,133.58999633789062,136.41000366210938,135.0400848388672,1346700
2022-03-25,137.3000030517578,137.66000366210938,133.6999969482422,135.7100067138672,134.34710693359375,1403700
2022-03-28,136.25,137.25,134.4600067138672,135.4199981689453,134.05999755859375,1568100
2022-03-29,138.22000122070312,139.32000732421875,137.2100067138672,138.4199981689453,137.02989196777344,1608600
2022-03-30,137.92999267578125,138.22000122070312,134.52000427246094,135.4600067138672,134.09962463378906,1439800
2022-03-31,135.1699981689453,136.7899932861328,132.2899932861328,132.3300018310547,131.00106811523438,3046400
2022-04-01,134.17999267578125,134.60000610351562,131.86000061035156,133.97000122070312,132.6245880126953,1466900
2022-04-04,133.86000061035156,135.39999389648438,132.88999938964844,134.80999755859375,133.66566467285156,1388000
2022-04-05,134.08999633789062,135.4199981689453,132.85000610351562,133.25999450683594,132.12879943847656,1797200
2022-04-06,132.00999450683594,133.32000732421875,129.86000061035156,132.7100067138672,131.58349609375,2249500
2022-04-07,132.89999389648438,137.0800018310547,132.22999572753906,135.92999267578125,134.77615356445312,1956200
2022-04-08,135.7100067138672,136.99000549316406,134.64999389648438,134.8699951171875,133.7251434326172,2070900
2022-04-11,133.22000122070312,133.8800048828125,130.4600067138672,131.25999450683594,130.14578247070312,2308200
2022-04-12,131.69000244140625,132.19000244140625,125.02999877929688,125.38999938964844,124.32562255859375,2657500
2022-04-13,125.26000213623047,128.52999877929688,124.91000366210938,128.2899932861328,127.20100402832031,2735900
2022-04-14,128.4199981689453,128.9600067138672,125.56999969482422,126.44000244140625,125.3667221069336,3360700
2022-04-18,126.44000244140625,126.75,123.12999725341797,123.83999633789062,122.78878021240234,1597100
2022-04-19,123.70999908447266,126.83000183105469,123.69999694824219,126.52999877929688,125.4559555053711,1580000
2022-04-20,127.70999908447266,130.32000732421875,126.83999633789062,129.3699951171875,128.27183532714844,2026100
2022-04-21,130.36000061035156,131.02999877929688,124.8499984741211,125.29000091552734,124.22648620605469,2177700
2022-04-22,124.7699966430664,125.0999984741211,121.1500015258789,121.31999969482422,120.2901840209961,1947200
2022-04-25,119.52999877929688,121.61000061035156,118.2300033569336,121.44999694824219,120.41907501220703,2236900
2022-04-26,121.0,121.27999877929688,117.23999786376953,117.94000244140625,116.9388656616211,2931900
2022-04-27,118.19999694824219,120.8499984741211,117.52999877929688,117.68000030517578,116.68107604980469,2007500
2022-04-28,119.5199966430664,121.55999755859375,117.93000030517578,121.05999755859375,120.03238677978516,3152200
2022-04-29,120.70999908447266,123.88999938964844,119.05000305175781,119.2699966430664,118.25758361816406,2269200
2022-05-02,118.37999725341797,120.33999633789062,116.48999786376953,119.56999969482422,118.5550308227539,1756200
2022-05-03,119.72000122070312,123.9800033569336,119.08999633789062,122.4000015258789,121.36101531982422,3217800
2022-05-04,121.69000244140625,126.69000244140625,121.44000244140625,126.30000305175781,125.2279052734375,2460400
2022-05-05,124.62000274658203,125.20999908447266,120.80000305175781,122.1500015258789,121.11312866210938,2123600
2022-05-06,120.87999725341797,121.87999725341797,118.0,121.08000183105469,120.05221557617188,1629000
2022-05-09,119.12999725341797,119.12999725341797,112.63999938964844,113.11000061035156,112.14987182617188,1861700
2022-05-10,115.44000244140625,117.94000244140625,113.13999938964844,116.63999938964844,115.64990997314453,2141800
2022-05-11,115.69999694824219,118.0,113.83999633789062,113.98999786376953,113.02239990234375,1607000
2022-05-12,113.61000061035156,116.25,112.77999877929688,116.12999725341797,115.14423370361328,1338000
2022-05-13,117.37999725341797,120.72000122070312,117.2699966430664,119.37999725341797,118.36664581298828,1328400
2022-05-16,119.62999725341797,121.02999877929688,118.83000183105469,120.30000305175781,119.27884674072266,2011600
2022-05-17,122.69999694824219,123.69999694824219,121.44999694824219,123.08000183105469,122.03524017333984,2216200
2022-05-18,121.19000244140625,121.91000366210938,120.30999755859375,120.79000091552734,119.76467895507812,1336000
2022-05-19,120.30999755859375,123.58000183105469,119.52999877929688,122.4000015258789,121.36101531982422,2310100
2022-05-20,124.02999877929688,125.58000183105469,122.44000244140625,125.12999725341797,124.06783294677734,2594600
2022-05-23,126.44999694824219,126.47000122070312,123.76000213623047,125.9800033569336,124.91062927246094,2037000
2022-05-24,125.31999969482422,126.0,123.80000305175781,124.41000366210938,123.35395812988281,2187700
2022-05-25,127.20999908447266,127.45999908447266,119.18000030517578,120.37999725341797,119.35816955566406,3524500
2022-05-26,120.75,124.22000122070312,120.72000122070312,123.8499984741211,122.7987060546875,1768000
2022-05-27,124.91999816894531,130.77000427246094,124.48999786376953,130.5500030517578,129.4418182373047,2698800
2022-05-31,128.91000366210938,130.07000732421875,126.72000122070312,127.55999755859375,126.47721099853516,3403100
2022-06-01,127.86000061035156,128.97999572753906,122.43000030517578,123.08999633789062,122.04515838623047,1757600
2022-06-02,122.95999908447266,129.19000244140625,122.30000305175781,129.10000610351562,128.00413513183594,1444400
2022-06-03,127.62000274658203,128.72000122070312,126.41999816894531,128.49000549316406,127.3993148803711,1722800
2022-06-06,129.3800048828125,130.0,126.97000122070312,127.62999725341797,126.54661560058594,1310600
2022-06-07,126.56999969482422,131.1999969482422,126.56999969482422,128.89999389648438,127.80583190917969,1236300
2022-06-08,127.87999725341797,128.63999938964844,126.4000015258789,126.83999633789062,125.76331329345703,1049500
2022-06-09,126.08999633789062,126.91999816894531,124.12999725341797,124.13999938964844,123.08624267578125,814400
2022-06-10,121.62999725341797,121.93000030517578,119.9000015258789,120.56999969482422,119.54655456542969,1379600
2022-06-13,116.4800033569336,117.69999694824219,115.37999725341797,116.27999877929688,115.29296112060547,1405800
2022-06-14,115.98999786376953,116.69999694824219,113.25,116.01000213623047,115.02525329589844,1314000
2022-06-15,117.23999786376953,117.7699966430664,113.7699966430664,116.47000122070312,115.4813461303711,1886300
2022-06-16,113.80000305175781,115.08000183105469,113.36000061035156,114.95999908447266,113.98416900634766,1601600
2022-06-17,114.7699966430664,116.7300033569336,112.66999816894531,112.70999908447266,111.75326538085938,2681500
2022-06-21,114.41000366210938,115.56999969482422,113.76000213623047,113.87999725341797,112.913330078125,1588200
2022-06-22,112.66000366210938,115.08000183105469,112.5199966430664,113.80000305175781,112.83401489257812,2585300
2022-06-23,114.5999984741211,118.75,114.2699966430664,118.5999984741211,117.59326934814453,1801600
2022-06-24,119.94999694824219,121.3499984741211,118.44999694824219,121.29000091552734,120.26043701171875,3780400
2022-06-27,121.83000183105469,122.30000305175781,119.8499984741211,120.56999969482422,119.54655456542969,1805700
2022-06-28,120.44999694824219,121.23999786376953,116.72000122070312,117.05999755859375,116.06633758544922,1426100
2022-06-29,117.19000244140625,118.54000091552734,116.23999786376953,117.9000015258789,116.89920806884766,906600
2022-06-30,116.0,119.94999694824219,116.0,118.7699966430664,117.76182556152344,1612000
2022-07-01,118.79000091552734,119.76000213623047,116.69999694824219,119.20999908447266,118.4074478149414,1119800
2022-07-05,117.75,120.68000030517578,116.48999786376953,120.55999755859375,119.74835968017578,1484900
2022-07-06,120.80000305175781,122.33999633789062,120.55999755859375,121.18000030517578,120.36418914794922,1642300
2022-07-07,120.98999786376953,123.22000122070312,120.62000274658203,123.1500015258789,122.3209228515625,1221200
2022-07-08,120.95999908447266,123.20999908447266,120.95999908447266,122.51000213623047,121.68523406982422,1267300
2022-07-11,121.61000061035156,123.45999908447266,121.01000213623047,123.12000274658203,122.29113006591797,1304400
2022-07-12,122.43000030517578,123.41000366210938,118.75,119.23999786376953,118.4372329711914,1196800
2022-07-13,117.41000366210938,119.69999694824219,116.86000061035156,118.6500015258789,117.85122680664062,1378000
2022-07-14,117.0999984741211,117.7300033569336,113.0199966430664,115.87999725341797,115.09986877441406,1347300
2022-07-15,117.77999877929688,118.87999725341797,116.0,118.83000183105469,118.0300064086914,969400
2022-07-18,118.94999694824219,119.38999938964844,114.45999908447266,115.11000061035156,114.33505249023438,1178200
2022-07-19,116.98999786376953,119.33999633789062,116.37000274658203,119.05999755859375,118.25845336914062,1296900
2022-07-20,119.93000030517578,121.20999908447266,119.25,119.86000061035156,119.0530776977539,1316600
2022-07-21,122.12000274658203,127.33999633789062,122.12000274658203,127.19000244140625,126.3337173461914,1682500
2022-07-22,127.41000366210938,128.5399932861328,124.30999755859375,125.04000091552734,124.19818878173828,1079500
2022-07-25,125.05000305175781,125.41000366210938,123.19000244140625,124.26000213623047,123.42345428466797,1044000
2022-07-26,124.66000366210938,125.62999725341797,123.37000274658203,125.16999816894531,124.32732391357422,1260000
2022-07-27,125.04000091552734,128.3300018310547,124.70999908447266,127.70999908447266,126.8502197265625,1395900
2022-07-28,128.1699981689453,131.82000732421875,126.77999877929688,131.11000061035156,130.22732543945312,1861400
2022-07-29,131.27000427246094,134.5,130.89999389648438,134.10000610351562,133.19720458984375,2214900
2022-08-01,133.50999450683594,135.22999572753906,133.25999450683594,133.42999267578125,132.5316925048828,1081700
2022-08-02,132.41000366210938,134.67999267578125,131.08999633789062,131.27999877929688,130.39617919921875,1398600
2022-08-03,133.4499969482422,135.25999450683594,133.02000427246094,134.55999755859375,133.6540985107422,2113200
2022-08-04,134.69000244140625,135.0,132.74000549316406,133.77000427246094,132.8694305419922,895600
2022-08-05,132.27000427246094,133.83999633789062,131.75,133.61000061035156,132.71051025390625,675800
2022-08-08,134.1999969482422,134.4199981689453,132.13999938964844,132.52000427246094,131.6278533935547,1257100
2022-08-09,132.5,132.5,128.02000427246094,128.8800048828125,128.01235961914062,894700
2022-08-10,131.3699951171875,132.77000427246094,130.14999389648438,132.5800018310547,131.68743896484375,1022000
2022-08-11,132.91000366210938,135.1300048828125,131.58999633789062,131.9499969482422,131.06166076660156,1162500
2022-08-12,132.25999450683594,133.6300048828125,131.42999267578125,133.5500030517578,132.65090942382812,865800
2022-08-15,133.27999877929688,134.6199951171875,132.6699981689453,133.89999389648438,132.99856567382812,1291100
2022-08-16,132.88999938964844,133.4199981689453,131.66000366210938,132.77000427246094,131.8761749267578,1810000
2022-08-17,148.83999633789062,149.0,140.02999877929688,142.2899932861328,141.3320770263672,4110100
2022-08-18,141.8800048828125,141.9600067138672,138.75999450683594,139.97000122070312,139.02767944335938,1740300
2022-08-19,139.35000610351562,139.72999572753906,137.25999450683594,137.6199951171875,136.69349670410156,1477500
2022-08-22,135.3000030517578,136.02999877929688,133.55999755859375,133.94000244140625,133.0382843017578,1250700
2022-08-23,133.11000061035156,134.10000610351562,132.0399932861328,132.63999938964844,131.7470245361328,1188300
2022-08-24,133.02000427246094,134.5399932861328,132.64999389648438,133.6699981689453,132.7700958251953,1020500
2022-08-25,135.3000030517578,136.0800018310547,133.99000549316406,136.00999450683594,135.09432983398438,969100
2022-08-26,136.0,136.0500030517578,129.77999877929688,129.8699951171875,128.9956817626953,1252700
2022-08-29,128.42999267578125,129.35000610351562,127.18000030517578,128.11000061035156,127.24752807617188,926000
2022-08-30,128.50999450683594,129.02000427246094,127.16000366210938,128.27999877929688,127.41638946533203,1772400
2022-08-31,129.3800048828125,130.22999572753906,128.0,128.25,127.38658905029297,1890700
2022-09-01,127.62999725341797,129.11000061035156,126.20999908447266,128.92999267578125,128.06201171875,1282000
2022-09-02,129.7899932861328,130.27000427246094,127.12000274658203,128.00999450683594,127.14820098876953,1695900
2022-09-06,129.3800048828125,130.57000732421875,127.72000122070312,129.3000030517578,128.4295196533203,1533500
2022-09-07,128.97000122070312,131.82000732421875,128.61000061035156,131.42999267578125,130.54518127441406,1254600
2022-09-08,130.92999267578125,135.27000427246094,130.7100067138672,135.19000244140625,134.2798614501953,1355100
2022-09-09,135.97999572753906,137.9199981689453,135.42999267578125,137.6300048828125,136.7034454345703,2425200
2022-09-12,137.52999877929688,140.0,137.22999572753906,139.8699951171875,138.92835998535156,1851100
2022-09-13,136.32000732421875,137.41000366210938,133.44000244140625,133.5399932861328,132.64097595214844,1587000
2022-09-14,133.8000030517578,135.36000061035156,132.10000610351562,133.25,132.35293579101562,1577000
2022-09-15,133.80999755859375,135.50999450683594,132.66000366210938,133.16000366210938,132.26353454589844,1446500
2022-09-16,132.1199951171875,132.1300048828125,128.27999877929688,129.88999938964844,129.0155487060547,2300600
2022-09-19,128.7899932861328,130.7899932861328,128.36000061035156,130.72000122070312,129.8399658203125,1059600
2022-09-20,129.10000610351562,129.60000610351562,126.81999969482422,128.13999938964844,127.27732849121094,1274700
2022-09-21,128.72999572753906,130.57000732421875,126.33000183105469,126.4800033569336,125.62850952148438,1105700
2022-09-22,125.55000305175781,126.04000091552734,123.76000213623047,124.38999938964844,123.55257415771484,1378600
2022-09-23,123.7300033569336,124.43000030517578,121.44000244140625,123.4800033569336,122.6487045288086,1481900
2022-09-26,123.18000030517578,124.25,121.62999725341797,122.30999755859375,121.48656463623047,1733100
2022-09-27,123.87000274658203,124.06999969482422,120.5999984741211,121.61000061035156,120.79129028320312,1040500
2022-09-28,122.7699966430664,124.43000030517578,121.5999984741211,123.72000122070312,122.8870849609375,1361200
2022-09-29,122.80999755859375,124.23999786376953,122.27999877929688,122.73999786376953,121.91368103027344,1312800
2022-09-30,123.0199966430664,125.12999725341797,121.37999725341797,121.55000305175781,120.73169708251953,1624200
2022-10-03,122.7300033569336,127.30000305175781,121.68000030517578,126.37999725341797,125.74642944335938,1343200
2022-10-04,128.7899932861328,131.55999755859375,128.57000732421875,131.41000366210938,130.75123596191406,1647800
2022-10-05,129.99000549316406,133.52999877929688,129.5,132.63999938964844,131.9750518798828,1567700
2022-10-06,132.3000030517578,133.82000732421875,131.60000610351562,132.17999267578125,131.51734924316406,1218400
2022-10-07,130.4499969482422,130.92999267578125,126.95999908447266,127.44000244140625,126.8011245727539,1154700
2022-10-10,128.0500030517578,128.0500030517578,124.30999755859375,125.94999694824219,125.3185806274414,1246000
2022-10-11,125.0,127.88999938964844,124.16000366210938,125.63999938964844,125.01013946533203,1985300
2022-10-12,126.19999694824219,127.0999984741211,125.2699966430664,125.69000244140625,125.05989074707031,1069600
2022-10-13,123.0,128.8300018310547,122.3499984741211,127.9000015258789,127.2588119506836,1553600
2022-10-14,129.0,130.22000122070312,125.47000122070312,125.69999694824219,125.06983947753906,1217200
2022-10-17,127.37999725341797,131.08999633789062,127.37999725341797,130.55999755859375,129.9054718017578,1197900
2022-10-18,133.9199981689453,134.67999267578125,131.1999969482422,132.3000030517578,131.63674926757812,1038100
2022-10-19,130.11000061035156,130.27000427246094,127.23999786376953,128.9600067138672,128.31350708007812,1034000
2022-10-20,127.83000183105469,129.74000549316406,125.61000061035156,125.94000244140625,125.30863952636719,1897200
2022-10-21,126.37000274658203,130.1300048828125,124.81999969482422,129.8800048828125,129.22889709472656,1067000
2022-10-24,131.1300048828125,133.1300048828125,129.80999755859375,132.3000030517578,131.63674926757812,1045300
2022-10-25,132.3000030517578,135.10000610351562,132.3000030517578,134.5,133.8257293701172,1206000
2022-10-26,134.42999267578125,139.30999755859375,134.0,137.69000244140625,136.99972534179688,1381900
2022-10-27,137.25999450683594,137.99000549316406,135.3300018310547,136.49000549316406,135.80575561523438,930700
2022-10-28,136.3800048828125,139.1199951171875,135.02000427246094,138.77000427246094,138.07432556152344,901900
2022-10-31,137.69000244140625,138.92999267578125,137.35000610351562,138.35000610351562,137.65643310546875,1307600
2022-11-01,139.5,141.35000610351562,138.05999755859375,140.88999938964844,140.18368530273438,1182900
2022-11-02,140.61000061035156,140.94000244140625,135.2100067138672,135.27000427246094,134.5918731689453,1806100
2022-11-03,133.77000427246094,135.8699951171875,130.66000366210938,134.4600067138672,133.78594970703125,1199400
2022-11-04,135.64999389648438,137.00999450683594,133.11000061035156,136.0800018310547,135.39779663085938,1272100
2022-11-07,136.85000610351562,138.0800018310547,135.55999755859375,138.02999877929688,137.33802795410156,1213600
2022-11-08,138.5,140.69000244140625,136.60000610351562,138.75,138.05442810058594,1028100
2022-11-09,138.30999755859375,139.4199981689453,136.66000366210938,137.0,136.3131866455078,971200
2022-11-10,142.8699951171875,146.72000122070312,142.52999877929688,146.3000030517578,145.5665740966797,1591900
2022-11-11,147.1199951171875,149.74000549316406,146.35000610351562,148.30999755859375,147.5664825439453,1227500
2022-11-14,149.00999450683594,149.7100067138672,146.3000030517578,146.3800048828125,145.6461639404297,1220300
2022-11-15,148.27000427246094,149.4600067138672,146.5,148.0,147.25804138183594,1299200
2022-11-16,148.19000244140625,148.75,146.35000610351562,147.1199951171875,146.3824462890625,1476700
2022-11-17,145.3300018310547,145.55999755859375,142.16000366210938,144.44000244140625,143.71588134765625,1465000
2022-11-18,146.67999267578125,147.9600067138672,144.14999389648438,146.19000244140625,145.4571075439453,1283400
2022-11-21,145.6199951171875,147.16000366210938,144.42999267578125,145.13999938964844,144.41238403320312,1691900
2022-11-22,151.97999572753906,157.44000244140625,151.97999572753906,156.86000061035156,156.07363891601562,3512500
2022-11-23,156.6699981689453,157.27999877929688,154.35000610351562,155.35000610351562,154.57119750976562,1444100
2022-11-25,155.08999633789062,156.9600067138672,154.7100067138672,156.9600067138672,156.17312622070312,642700
2022-11-28,155.8699951171875,156.85000610351562,151.72999572753906,152.3000030517578,151.53648376464844,1386300
2022-11-29,151.8800048828125,152.89999389648438,150.49000549316406,150.94000244140625,150.1833038330078,954600
2022-11-30,151.3800048828125,154.97999572753906,149.10000610351562,154.97999572753906,154.2030487060547,2867700
2022-12-01,156.72999572753906,156.99000549316406,154.4199981689453,156.1199951171875,155.33734130859375,1372400
2022-12-02,153.97000122070312,156.72999572753906,153.58999633789062,155.6699981689453,154.88958740234375,1183200
2022-12-05,153.83999633789062,153.88999938964844,151.25,152.6999969482422,151.93447875976562,1124700
2022-12-06,152.14999389648438,153.0,149.91000366210938,151.35000610351562,150.59124755859375,1172300
2022-12-07,151.22999572753906,154.35000610351562,151.1300048828125,153.72999572753906,152.95933532714844,1011100
2022-12-08,154.4199981689453,156.99000549316406,153.47999572753906,156.27999877929688,155.4965362548828,1289900
2022-12-09,155.6699981689453,156.6999969482422,152.67999267578125,152.9499969482422,152.18321228027344,1020200
2022-12-12,154.00999450683594,155.97999572753906,153.42999267578125,155.3300018310547,154.5513153076172,1071400
2022-12-13,159.1999969482422,160.25999450683594,156.75999450683594,157.66000366210938,156.86962890625,1534200
2022-12-14,157.25999450683594,158.44000244140625,154.16000366210938,154.80999755859375,154.03390502929688,1344400
2022-12-15,152.80999755859375,153.0399932861328,150.24000549316406,150.86000061035156,150.10369873046875,1483900
2022-12-16,149.61000061035156,149.9499969482422,147.91000366210938,149.3000030517578,148.55152893066406,2436700
2022-12-19,148.91000366210938,149.1300048828125,146.24000549316406,146.9499969482422,146.2133026123047,1277300
2022-12-20,147.27000427246094,149.17999267578125,145.8800048828125,147.92999267578125,147.18838500976562,1548200
2022-12-21,148.94000244140625,150.27000427246094,147.88999938964844,150.08999633789062,149.33755493164062,1248100
2022-12-22,148.41000366210938,149.19000244140625,146.61000061035156,149.00999450683594,148.26296997070312,1166800
2022-12-23,149.00999450683594,150.25,148.22000122070312,149.22999572753906,148.4818878173828,779400
2022-12-27,149.22999572753906,149.80999755859375,147.3000030517578,149.5500030517578,148.80029296875,879500
2022-12-28,149.77999877929688,151.3699951171875,147.63999938964844,148.08999633789062,147.34759521484375,784300
2022-12-29,149.61000061035156,151.89999389648438,149.02000427246094,151.08999633789062,150.33255004882812,854400
2022-12-30,149.75999450683594,149.85000610351562,147.8300018310547,149.64999389648438,149.121826171875,699800
2023-01-03,151.9600067138672,153.1300048828125,148.47000122070312,150.0399932861328,149.5104522705078,1414300
2023-01-04,151.64999389648438,153.0399932861328,150.24000549316406,151.6699981689453,151.13470458984375,1247400
2023-01-05,150.0,153.07000732421875,148.77000427246094,152.11000061035156,151.5731658935547,1714600
2023-01-06,154.36000061035156,154.63999938964844,143.00999450683594,147.6699981689453,147.14883422851562,2445000
2023-01-09,149.69000244140625,151.27999877929688,147.1999969482422,147.47000122070312,146.94952392578125,1269600
2023-01-10,150.17999267578125,155.5500030517578,148.75,155.22999572753906,154.68214416503906,1565700
2023-01-11,155.22999572753906,158.5800018310547,155.22999572753906,158.1699981689453,157.6117706298828,1241900
2023-01-12,158.16000366210938,158.60000610351562,155.5800018310547,156.49000549316406,155.93771362304688,809100
2023-01-13,155.5399932861328,157.27999877929688,154.5,156.9199981689453,156.36618041992188,921700
2023-01-17,156.67999267578125,158.11000061035156,155.02999877929688,155.39999389648438,154.85154724121094,1602200
2023-01-18,156.25999450683594,158.16000366210938,153.63999938964844,154.07000732421875,153.5262451171875,1150700
2023-01-19,153.5800018310547,154.9199981689453,152.13999938964844,152.8699951171875,152.33047485351562,1017400
2023-01-20,153.5,156.00999450683594,152.41000366210938,155.9199981689453,155.3697052001953,1343700
2023-01-23,156.0,159.58999633789062,155.6699981689453,159.05999755859375,158.49862670898438,974900
2023-01-24,156.27000427246094,158.50999450683594,154.4600067138672,155.69000244140625,155.14053344726562,1121500
2023-01-25,154.0,156.5399932861328,152.8300018310547,155.75999450683594,155.21026611328125,736200
2023-01-26,156.97000122070312,157.66000366210938,155.19000244140625,156.22999572753906,155.67860412597656,776300
2023-01-27,155.75,156.9600067138672,154.80999755859375,155.69000244140625,155.14053344726562,646200
2023-01-30,154.5,155.52000427246094,150.8800048828125,151.74000549316406,151.2044677734375,1401100
2023-01-31,151.61000061035156,153.4600067138672,150.2100067138672,152.0800018310547,151.54327392578125,1995400
2023-02-01,153.30999755859375,156.2899932861328,151.72000122070312,155.4499969482422,154.9013671875,1499900
2023-02-02,156.66000366210938,157.30999755859375,154.77000427246094,155.5,154.95118713378906,1725600
2023-02-03,153.1699981689453,155.4199981689453,152.74000549316406,154.5500030517578,154.00454711914062,992800
2023-02-06,152.72999572753906,154.39999389648438,151.36000061035156,152.24000549316406,151.7027130126953,771500
2023-02-07,151.49000549316406,154.9600067138672,151.1300048828125,154.50999450683594,153.9646759033203,1126700
2023-02-08,153.63999938964844,155.1699981689453,153.22999572753906,154.4199981689453,153.875,1073500
2023-02-09,155.6699981689453,156.32000732421875,151.5399932861328,152.3800048828125,151.8422088623047,852200
2023-02-10,151.8000030517578,152.99000549316406,151.07000732421875,152.5500030517578,152.01161193847656,934800
2023-02-13,153.27000427246094,154.66000366210938,152.00999450683594,154.60000610351562,154.05438232421875,925400
2023-02-14,154.33999633789062,155.75,151.4499969482422,153.0399932861328,152.4998779296875,895400
2023-02-15,152.22000122070312,152.32000732421875,150.3000030517578,151.75,151.2144317626953,982400
2023-02-16,148.80999755859375,150.16000366210938,147.22999572753906,148.27999877929688,147.7566680908203,1101700
2023-02-17,147.25999450683594,148.94000244140625,146.49000549316406,148.25999450683594,147.7367401123047,1194800
2023-02-21,146.60000610351562,146.64999389648438,142.6300048828125,143.4199981689453,142.913818359375,1693800
2023-02-22,143.3699951171875,143.44000244140625,140.9499969482422,142.0800018310547,141.5785675048828,1691300
2023-02-23,142.08999633789062,143.5800018310547,141.30999755859375,143.1999969482422,142.69459533691406,1511500
2023-02-24,141.4600067138672,142.24000549316406,138.72000122070312,141.1999969482422,140.70166015625,1522100
2023-02-27,142.8800048828125,143.75999450683594,141.80999755859375,142.17999267578125,141.67819213867188,1149600
2023-02-28,141.75,143.3800048828125,141.38999938964844,141.97000122070312,141.4689483642578,2342500
2023-03-01,138.5800018310547,139.99000549316406,136.25,137.50999450683594,137.02468872070312,3132800
2023-03-02,136.3000030517578,141.72000122070312,136.0800018310547,141.6699981689453,141.1699981689453,1879200
2023-03-03,142.5399932861328,144.44000244140625,141.97999572753906,143.92999267578125,143.42202758789062,1147800
2023-03-06,143.35000610351562,145.44000244140625,142.67999267578125,143.22999572753906,142.7244873046875,1153600
2023-03-07,143.55999755859375,143.66000366210938,140.22999572753906,140.3300018310547,139.83473205566406,1088400
2023-03-08,140.14999389648438,141.5800018310547,139.3800048828125,140.89999389648438,140.4027099609375,1135900
2023-03-09,141.25999450683594,142.0,138.3000030517578,138.92999267578125,138.43966674804688,1328900
2023-03-10,139.19000244140625,139.44000244140625,134.7100067138672,135.72000122070312,135.24099731445312,1896000
2023-03-13,135.5500030517578,138.27999877929688,134.75999450683594,136.69000244140625,136.20758056640625,1771400
2023-03-14,138.44000244140625,139.60000610351562,136.42999267578125,138.39999389648438,137.91152954101562,1255400
2023-03-15,135.92999267578125,135.92999267578125,132.1999969482422,134.02999877929688,133.5569610595703,2016700
2023-03-16,133.97000122070312,137.0500030517578,132.3699951171875,136.82000732421875,136.33712768554688,1789300
2023-03-17,136.88999938964844,136.9199981689453,132.72999572753906,133.17999267578125,132.70994567871094,2046000
2023-03-20,133.13999938964844,135.3800048828125,132.72999572753906,134.5399932861328,134.06517028808594,1704500
2023-03-21,135.55999755859375,137.4199981689453,135.22000122070312,137.00999450683594,136.5264434814453,1392300
2023-03-22,136.9600067138672,137.5399932861328,133.60000610351562,133.72999572753906,133.25802612304688,1268500
2023-03-23,134.66000366210938,135.07000732421875,129.3699951171875,131.1300048828125,130.66722106933594,3297900
2023-03-24,130.13999938964844,131.97999572753906,128.22000122070312,131.9600067138672,131.49427795410156,1571600
2023-03-27,133.5800018310547,134.6199951171875,132.72999572753906,133.07000732421875,132.60035705566406,1216300
2023-03-28,132.5399932861328,133.30999755859375,132.00999450683594,132.6300048828125,132.1619110107422,942600
2023-03-29,133.9499969482422,134.24000549316406,132.6300048828125,133.85000610351562,133.3776092529297,1002800
2023-03-30,135.27000427246094,135.5399932861328,133.32000732421875,134.49000549316406,134.01535034179688,1468200
2023-03-31,135.39999389648438,138.72999572753906,134.86000061035156,138.33999633789062,137.85174560546875,2579800
2023-04-03,137.4199981689453,138.08999633789062,136.00999450683594,137.86000061035156,137.5972442626953,1551800
2023-04-04,138.25,139.11000061035156,137.52999877929688,138.2100067138672,137.9465789794922,1778700
2023-04-05,137.74000549316406,139.27000427246094,136.6699981689453,138.08999633789062,137.82679748535156,2312100
2023-04-06,138.00999450683594,138.1300048828125,136.58999633789062,138.02999877929688,137.7669219970703,1206200
2023-04-10,137.3800048828125,138.0800018310547,135.86000061035156,138.02000427246094,137.75694274902344,1104600
2023-04-11,138.8699951171875,139.92999267578125,138.14999389648438,138.52000427246094,138.2559814453125,1241100
2023-04-12,140.19000244140625,141.35000610351562,137.82000732421875,138.36000061035156,138.09628295898438,1058400
2023-04-13,139.17999267578125,141.47999572753906,138.99000549316406,141.27999877929688,141.01072692871094,1030900
2023-04-14,140.36000061035156,141.19000244140625,138.92999267578125,139.1999969482422,138.9346923828125,954300
2023-04-17,139.6199951171875,140.2100067138672,138.88999938964844,140.19000244140625,139.9228057861328,1115500
2023-04-18,140.72999572753906,140.99000549316406,138.2100067138672,139.0,138.7350616455078,1218900
2023-04-19,138.3699951171875,139.6199951171875,137.67999267578125,138.92999267578125,138.66519165039062,1178400
2023-04-20,136.86000061035156,137.0500030517578,134.8699951171875,135.52999877929688,135.2716827392578,1325900
2023-04-21,136.2100067138672,138.55999755859375,136.2100067138672,138.5,138.23602294921875,1533600
2023-04-24,138.8000030517578,139.52000427246094,138.08999633789062,138.47999572753906,138.21604919433594,856700
2023-04-25,136.5399932861328,136.77999877929688,129.72000122070312,130.3699951171875,130.1215057373047,2154900
2023-04-26,128.14999389648438,133.83999633789062,128.11000061035156,133.1199951171875,132.86627197265625,3003800
2023-04-27,132.9600067138672,133.86000061035156,131.3300018310547,133.25,132.99603271484375,1125300
2023-04-28,133.4499969482422,136.92999267578125,133.4499969482422,135.42999267578125,135.17185974121094,2032800
2023-05-01,136.02000427246094,137.13999938964844,135.75999450683594,136.0800018310547,135.8206329345703,1012900
2023-05-02,135.02000427246094,137.16000366210938,134.25999450683594,134.52000427246094,134.26361083984375,1629600
2023-05-03,135.88999938964844,136.5399932861328,134.6300048828125,134.77000427246094,134.5131378173828,1529100
2023-05-04,135.3800048828125,136.0399932861328,133.75999450683594,133.8800048828125,133.6248321533203,1103700
2023-05-05,135.3000030517578,135.41000366210938,131.91000366210938,133.3000030517578,133.04592895507812,1890100
2023-05-08,134.00999450683594,134.2100067138672,131.75,132.4499969482422,132.1975555419922,1005300
2023-05-09,128.5,128.5,125.36000061035156,127.3499984741211,127.10726928710938,3437100
2023-05-10,128.7100067138672,128.89999389648438,126.16000366210938,128.05999755859375,127.81591796875,1255700
2023-05-11,127.16999816894531,127.69999694824219,125.47000122070312,127.66000366210938,127.41668701171875,1580600
2023-05-12,128.67999267578125,128.67999267578125,126.52999877929688,127.48999786376953,127.24700164794922,1422600
2023-05-15,127.94000244140625,128.19000244140625,126.75,127.98999786376953,127.74604797363281,1262800
2023-05-16,126.97000122070312,127.4000015258789,125.79000091552734,126.29000091552734,126.0492935180664,1190000
2023-05-17,127.04000091552734,127.79000091552734,125.77999877929688,127.7699966430664,127.5264663696289,1968200
2023-05-18,127.6500015258789,129.3300018310547,126.48999786376953,129.13999938964844,128.89385986328125,1637000
2023-05-19,129.58999633789062,130.47000122070312,128.6199951171875,128.8699951171875,128.62437438964844,1480400
2023-05-22,128.66000366210938,129.75,128.2899932861328,129.08999633789062,128.8439483642578,1764500
2023-05-23,129.02999877929688,130.5399932861328,127.91000366210938,128.63999938964844,128.3948211669922,2784400
2023-05-24,115.19999694824219,121.08999633789062,113.27999877929688,120.98999786376953,120.75939178466797,6850400
2023-05-25,121.41000366210938,121.41000366210938,117.63999938964844,119.48999786376953,119.26225280761719,3218900
2023-05-26,120.06999969482422,120.72000122070312,118.37999725341797,120.41999816894531,120.19048309326172,2089100
2023-05-30,120.01000213623047,121.30999755859375,117.66999816894531,117.7300033569336,117.505615234375,2094800
2023-05-31,116.98999786376953,117.1500015258789,114.80000305175781,115.66999816894531,115.44953155517578,3998800
2023-06-01,116.97000122070312,117.63999938964844,115.0,116.26000213623047,116.03841400146484,3966100
2023-06-02,117.7699966430664,118.41000366210938,116.0199966430664,118.22000122070312,117.99467468261719,3263100
2023-06-05,118.58000183105469,119.76000213623047,117.08999633789062,118.3499984741211,118.12442779541016,2129300
2023-06-06,118.77999877929688,119.22000122070312,116.63999938964844,117.44000244140625,117.2161636352539,1758800
2023-06-07,117.16999816894531,117.37000274658203,115.13999938964844,116.58999633789062,116.3677749633789,3643500
2023-06-08,115.93000030517578,116.9000015258789,114.66000366210938,114.69000244140625,114.47140502929688,2558600
2023-06-09,115.58000183105469,116.0,114.16000366210938,115.79000091552734,115.56930541992188,1981500
2023-06-12,115.86000061035156,118.6500015258789,115.81999969482422,118.54000091552734,118.3140640258789,2747800
2023-06-13,118.68000030517578,121.16000366210938,118.68000030517578,119.5,119.27223205566406,2502400
2023-06-14,119.98999786376953,120.97000122070312,118.9000015258789,119.4000015258789,119.17242431640625,2662900
2023-06-15,118.87999725341797,121.73999786376953,118.7300033569336,121.2300033569336,120.99893951416016,1791100
2023-06-16,122.0999984741211,123.18000030517578,120.62999725341797,121.12999725341797,120.89912414550781,3941300
2023-06-20,118.63999938964844,118.79000091552734,116.87999725341797,118.16000366210938,117.9347915649414,2108200
2023-06-21,117.79000091552734,119.11000061035156,117.2699966430664,118.33000183105469,118.1044692993164,1393400
2023-06-22,118.83999633789062,118.94999694824219,117.16999816894531,118.68000030517578,118.45379638671875,1736000
2023-06-23,117.76000213623047,119.70999908447266,117.58000183105469,119.41999816894531,119.1923828125,2632600
2023-06-26,118.95999908447266,119.80000305175781,117.33999633789062,118.37000274658203,118.14439392089844,1673400
2023-06-27,118.47000122070312,118.95999908447266,116.7300033569336,117.04000091552734,116.81692504882812,2326100
2023-06-28,116.69999694824219,117.11000061035156,115.70999908447266,116.37000274658203,116.14820098876953,2196800
2023-06-29,116.16000366210938,118.25,116.06999969482422,118.05000305175781,117.82500457763672,1885800
2023-06-30,118.7300033569336,120.69000244140625,118.30000305175781,120.25,120.25,2487900
2023-07-03,120.0199966430664,120.8499984741211,119.22000122070312,119.31999969482422,119.31999969482422,996200
2023-07-05,118.94999694824219,120.27999877929688,118.61000061035156,119.5,119.5,1246200
2023-07-06,116.36000061035156,118.88999938964844,115.66000366210938,118.43000030517578,118.43000030517578,1626600
2023-07-07,117.66999816894531,119.08000183105469,116.88999938964844,117.0,117.0,1493300
2023-07-10,116.7300033569336,119.5199966430664,116.55999755859375,118.36000061035156,118.36000061035156,1889200
2023-07-11,118.30000305175781,118.9800033569336,117.63999938964844,118.4800033569336,118.4800033569336,1096700
2023-07-12,120.0,120.48999786376953,119.1500015258789,120.0,120.0,1595400
2023-07-13,120.76000213623047,120.87000274658203,118.98999786376953,119.3499984741211,119.3499984741211,1229800
2023-07-14,119.54000091552734,120.38999938964844,118.25,119.75,119.75,1225400
2023-07-17,119.94999694824219,119.9800033569336,117.66000366210938,118.25,118.25,1123000
2023-07-18,118.37999725341797,119.79000091552734,118.0,119.55999755859375,119.55999755859375,1362700
2023-07-19,120.01000213623047,123.33999633789062,119.86000061035156,123.08000183105469,123.08000183105469,2425400
2023-07-20,123.51000213623047,124.9000015258789,123.12999725341797,124.55000305175781,124.55000305175781,2278800
2023-07-21,124.55000305175781,128.3000030517578,123.13999938964844,127.62000274658203,127.62000274658203,3918200
2023-07-24,127.62000274658203,129.38999938964844,127.19000244140625,127.72000122070312,127.72000122070312,2001200
2023-07-25,125.0,129.5500030517578,124.1500015258789,127.30999755859375,127.30999755859375,2199400
2023-07-26,125.0,128.52999877929688,123.4000015258789,128.47000122070312,128.47000122070312,2507500
2023-07-27,129.8699951171875,130.0,126.63999938964844,126.66000366210938,126.66000366210938,2582500
2023-07-28,127.25,127.51000213623047,123.16000366210938,126.05000305175781,126.05000305175781,3138800
2023-07-31,124.37999725341797,124.44999694824219,121.22000122070312,121.7699966430664,121.7699966430664,2376100
2023-08-01,121.77999877929688,123.58000183105469,120.45999908447266,122.4800033569336,122.4800033569336,1655000
2023-08-02,122.0,128.72999572753906,121.51000213623047,127.70999908447266,127.70999908447266,2654700
2023-08-03,127.30000305175781,127.36000061035156,124.97000122070312,125.05000305175781,125.05000305175781,1742600
2023-08-04,125.44000244140625,127.16999816894531,125.08000183105469,126.30000305175781,126.30000305175781,1819500
2023-08-07,126.7300033569336,127.88999938964844,125.69999694824219,126.51000213623047,126.51000213623047,1487000
2023-08-08,126.69000244140625,128.6300048828125,125.06999969482422,128.35000610351562,128.35000610351562,2525200
2023-08-09,128.16000366210938,129.4199981689453,127.52999877929688,127.62999725341797,127.62999725341797,1786100
2023-08-10,128.0,129.99000549316406,127.30999755859375,127.6500015258789,127.6500015258789,1515900
2023-08-11,126.7699966430664,127.81999969482422,126.3499984741211,126.86000061035156,126.86000061035156,1256700
2023-08-14,125.43000030517578,128.0,125.19000244140625,126.6500015258789,126.6500015258789,1582400
2023-08-15,126.30999755859375,127.18000030517578,125.25,125.6500015258789,125.6500015258789,2274800
2023-08-16,121.98999786376953,123.6500015258789,120.37000274658203,121.36000061035156,121.36000061035156,3388800
2023-08-17,122.0,122.6500015258789,120.66000366210938,120.8499984741211,120.8499984741211,2180800
2023-08-18,120.19000244140625,120.7300033569336,119.04000091552734,119.25,119.25,1803900
2023-08-21,119.5,119.56999969482422,117.70999908447266,118.86000061035156,118.86000061035156,2249300
2023-08-22,117.8499984741211,118.61000061035156,117.33000183105469,117.63999938964844,117.63999938964844,1422300
2023-08-23,118.51000213623047,119.1500015258789,117.70999908447266,119.12999725341797,119.12999725341797,1289300
2023-08-24,119.36000061035156,120.77999877929688,118.58000183105469,119.48999786376953,119.48999786376953,2045900
2023-08-25,119.80000305175781,120.81999969482422,118.5199966430664,119.68000030517578,119.68000030517578,1273300
2023-08-28,119.94999694824219,120.94000244140625,119.33999633789062,119.91999816894531,119.91999816894531,1052400
2023-08-29,120.12999725341797,122.29000091552734,119.61000061035156,122.0199966430664,122.0199966430664,838000
2023-08-30,122.33999633789062,122.88999938964844,121.62999725341797,121.86000061035156,121.86000061035156,219391
